method,model,strategy,rewrite_acc,locality,flagged,edit_lr,eps,irr_threshold,k,kl_factor,layers,lr,mom2_update_weight,n_iter,nullspace_threshold,num_steps,orth_lambda,replay_weight,top_k,v_lr
AlphaEdit,gemma-3-4b,daily,0.5533,0.6425,False,,,,,,,,15000.0,,rel_max:1e-4,,,,,
AlphaEdit,gemma-3-4b,monthly,0.521,0.74,False,,,,,,,,15000.0,,rel_max:1e-1,,,,,
AlphaEdit,gemma-3-4b,weekly,0.5714,0.7722,False,,,,,,,,15000.0,,rel_max:1e-4,,,,,
AlphaEdit,llama31-8b,daily,0.7933,0.3671,True,,,,,,,,15000.0,,rel_max:1e-3,,,,,
AlphaEdit,llama31-8b,monthly,0.4171,0.2065,True,,,,,,,,15000.0,,rel_max:1e-3,,,,,
AlphaEdit,llama31-8b,weekly,0.6429,0.3393,True,,,,,,,,15000.0,,rel_max:1e-2,,,,,
AlphaEdit,qwen3-4b,daily,0.5833,0.6515,False,,,,,,,,15000.0,,rel_max:1e-4,,,,,
AlphaEdit,qwen3-4b,monthly,0.4476,0.6547,False,,,,,,,,15000.0,,rel_max:1e-4,,,,,
AlphaEdit,qwen3-4b,weekly,0.6571,0.5746,False,,,,,,,,15000.0,,rel_max:1e-1,,,,,
BM25RAG,gemma-3-4b,daily,0.9133,0.7573,False,,,,,,,,,,,,,,1.0,
BM25RAG,gemma-3-4b,monthly,0.7245,0.7549,False,,,,,,,,,,,,,,1.0,
BM25RAG,gemma-3-4b,weekly,0.9143,0.7915,False,,,,,,,,,,,,,,1.0,
BM25RAG,llama31-8b,daily,0.9133,0.7658,False,,,,,,,,,,,,,,10.0,
BM25RAG,llama31-8b,monthly,0.682,0.7205,False,,,,,,,,,,,,,,10.0,
BM25RAG,llama31-8b,weekly,0.9143,0.8032,False,,,,,,,,,,,,,,10.0,
BM25RAG,qwen3-4b,daily,0.9133,0.789,False,,,,,,,,,,,,,,1.0,
BM25RAG,qwen3-4b,monthly,0.7418,0.7748,False,,,,,,,,,,,,,,1.0,
BM25RAG,qwen3-4b,weekly,0.9143,0.8293,False,,,,,,,,,,,,,,1.0,
DenseRAG,gemma-3-4b,daily,0.7133,0.7573,False,,,,,,,,,,,,,,1.0,
DenseRAG,gemma-3-4b,monthly,0.5673,0.7549,False,,,,,,,,,,,,,,5.0,
DenseRAG,gemma-3-4b,weekly,0.7714,0.7915,False,,,,,,,,,,,,,,1.0,
DenseRAG,llama31-8b,daily,0.8133,0.7658,False,,,,,,,,,,,,,,5.0,
DenseRAG,llama31-8b,monthly,0.6193,0.7214,False,,,,,,,,,,,,,,10.0,
DenseRAG,llama31-8b,weekly,0.8429,0.8032,False,,,,,,,,,,,,,,5.0,
DenseRAG,qwen3-4b,daily,0.6933,0.789,False,,,,,,,,,,,,,,5.0,
DenseRAG,qwen3-4b,monthly,0.6151,0.7748,False,,,,,,,,,,,,,,3.0,
DenseRAG,qwen3-4b,weekly,0.7,0.8268,False,,,,,,,,,,,,,,1.0,
GRACE,gemma-3-4b,daily,1.0,0.7256,False,1.0,0.5,,,,,,,,,,,,,
GRACE,gemma-3-4b,monthly,1.0,0.724,False,1.0,0.5,,,,,,,,,,,,,
GRACE,gemma-3-4b,weekly,1.0,0.7628,False,1.0,0.5,,,,,,,,,,,,,
GRACE,llama31-8b,daily,1.0,0.7032,False,1.0,0.5,,,,,,,,,,,,,
GRACE,llama31-8b,monthly,1.0,0.6622,False,1.0,0.5,,,,,,,,,,,,,
GRACE,llama31-8b,weekly,1.0,0.7493,False,1.0,0.5,,,,,,,,,,,,,
GRACE,qwen3-4b,daily,1.0,0.6942,False,1.0,0.5,,,,,,,,,,,,,
GRACE,qwen3-4b,monthly,1.0,0.6892,False,1.0,0.5,,,,,,,,,,,,,
GRACE,qwen3-4b,weekly,1.0,0.7329,False,1.0,0.5,,,,,,,,,,,,,
IKE,gemma-3-4b,daily,0.9133,0.7857,False,,,,1.0,,,,,,,,,,,
IKE,gemma-3-4b,monthly,0.8333,0.7589,False,,,,3.0,,,,,,,,,,,
IKE,gemma-3-4b,weekly,0.9143,0.8203,False,,,,1.0,,,,,,,,,,,
IKE,llama31-8b,daily,0.9133,0.7619,False,,,,1.0,,,,,,,,,,,
IKE,llama31-8b,monthly,0.8299,0.7189,False,,,,3.0,,,,,,,,,,,
IKE,llama31-8b,weekly,0.9429,0.8006,False,,,,1.0,,,,,,,,,,,
IKE,qwen3-4b,daily,0.9467,0.8032,False,,,,1.0,,,,,,,,,,,
IKE,qwen3-4b,monthly,0.8256,0.7781,False,,,,1.0,,,,,,,,,,,
IKE,qwen3-4b,weekly,0.9429,0.8448,False,,,,1.0,,,,,,,,,,,
LoRA-Merge,gemma-3-4b,daily,1.0,0.7244,False,,,,,,,2e-3,,,,50.0,,,,
LoRA-Merge,gemma-3-4b,monthly,0.975,0.7202,False,,,,,,,2e-3,,,,100.0,,,,
LoRA-Merge,gemma-3-4b,weekly,1.0,0.761,False,,,,,,,2e-3,,,,100.0,,,,
LoRA-Merge,llama31-8b,daily,1.0,0.7129,False,,,,,,,2e-3,,,,50.0,,,,
LoRA-Merge,llama31-8b,monthly,1.0,0.6644,False,,,,,,,2e-3,,,,100.0,,,,
LoRA-Merge,llama31-8b,weekly,1.0,0.7496,False,,,,,,,2e-3,,,,50.0,,,,
LoRA-Merge,qwen3-4b,daily,1.0,0.6849,False,,,,,,,2e-3,,,,50.0,,,,
LoRA-Merge,qwen3-4b,monthly,1.0,0.6491,False,,,,,,,2e-3,,,,50.0,,,,
LoRA-Merge,qwen3-4b,weekly,1.0,0.7159,False,,,,,,,2e-3,,,,50.0,,,,
MEMIT,gemma-3-4b,daily,0.98,0.7363,False,,,,,0.0625,"(6,)",,200000.0,,,,,,,1.0
MEMIT,gemma-3-4b,monthly,0.7109,0.6359,False,,,,,0.0625,"(6,)",,200000.0,,,,,,,0.5
MEMIT,gemma-3-4b,weekly,0.8714,0.7285,False,,,,,0.0625,"(6,)",,200000.0,,,,,,,1.0
MEMIT,llama31-8b,daily,0.9467,0.7045,False,,,,,0.0625,"(4, 5, 6, 7, 8)",,200000.0,,,,,,,0.5
MEMIT,llama31-8b,monthly,0.7071,0.6462,False,,,,,0.0625,"(6,)",,60000.0,,,,,,,1.0
MEMIT,llama31-8b,weekly,0.9143,0.686,False,,,,,0.0625,"(6,)",,15000.0,,,,,,,1.0
MEMIT,qwen3-4b,daily,0.98,0.66,False,,,,,0.0,,,,,,,,,,0.2
MEMIT,qwen3-4b,monthly,0.864,0.6238,False,,,,,0.0,,,,,,,,,,0.2
MEMIT,qwen3-4b,weekly,0.9714,0.7033,False,,,,,0.0,,,,,,,,,,0.2
MEMOIR,gemma-3-4b,daily,1.0,0.7245,False,0.5,,0.2,,,,,,,,,,,,
MEMOIR,gemma-3-4b,monthly,1.0,0.7239,False,0.5,,0.4,,,,,,,,,,,,
MEMOIR,gemma-3-4b,weekly,1.0,0.7487,False,0.5,,0.2,,,,,,,,,,,,
MEMOIR,llama31-8b,daily,0.98,0.6997,False,0.5,,0.2,,,,,,,,,,,,
MEMOIR,llama31-8b,monthly,0.8356,0.6628,False,0.5,,0.2,,,,,,,,,,,,
MEMOIR,llama31-8b,weekly,0.9714,0.7462,False,0.5,,0.2,,,,,,,,,,,,
MEMOIR,qwen3-4b,daily,1.0,0.6831,False,0.5,,0.2,,,,,,,,,,,,
MEMOIR,qwen3-4b,monthly,0.9833,0.6876,False,2.0,,0.2,,,,,,,,,,,,
MEMOIR,qwen3-4b,weekly,1.0,0.717,False,0.5,,0.2,,,,,,,,,,,,
O-LoRA,gemma-3-4b,daily,1.0,0.7244,False,,,,,,,2e-3,,,,50.0,0.01,,,
O-LoRA,gemma-3-4b,monthly,0.975,0.7229,False,,,,,,,2e-3,,,,100.0,0.01,,,
O-LoRA,gemma-3-4b,weekly,1.0,0.761,False,,,,,,,2e-3,,,,100.0,0.01,,,
O-LoRA,llama31-8b,daily,1.0,0.6988,False,,,,,,,2e-3,,,,50.0,0.01,,,
O-LoRA,llama31-8b,monthly,1.0,0.6551,False,,,,,,,2e-3,,,,100.0,0.01,,,
O-LoRA,llama31-8b,weekly,1.0,0.7454,False,,,,,,,2e-3,,,,50.0,0.01,,,
O-LoRA,qwen3-4b,daily,1.0,0.6798,False,,,,,,,2e-3,,,,50.0,0.01,,,
O-LoRA,qwen3-4b,monthly,1.0,0.648,False,,,,,,,2e-3,,,,100.0,0.01,,,
O-LoRA,qwen3-4b,weekly,1.0,0.7159,False,,,,,,,2e-3,,,,50.0,0.01,,,
SEEKR,gemma-3-4b,daily,1.0,0.7244,False,,,,,,,2e-3,,,,50.0,,0.1,,
SEEKR,gemma-3-4b,monthly,1.0,0.7171,False,,,,,,,2e-3,,,,100.0,,0.5,,
SEEKR,gemma-3-4b,weekly,0.9714,0.761,False,,,,,,,2e-3,,,,50.0,,0.1,,
SEEKR,llama31-8b,daily,1.0,0.7023,False,,,,,,,2e-3,,,,50.0,,0.1,,
SEEKR,llama31-8b,monthly,1.0,0.6509,False,,,,,,,2e-3,,,,100.0,,0.1,,
SEEKR,llama31-8b,weekly,1.0,0.7484,False,,,,,,,2e-3,,,,50.0,,0.1,,
SEEKR,qwen3-4b,daily,1.0,0.6849,False,,,,,,,2e-3,,,,50.0,,0.1,,
SEEKR,qwen3-4b,monthly,1.0,0.651,False,,,,,,,2e-3,,,,50.0,,0.1,,
SEEKR,qwen3-4b,weekly,1.0,0.7203,False,,,,,,,2e-3,,,,50.0,,0.1,,
WISE,gemma-3-4b,daily,0.95,0.7198,False,0.1,,,,,,,,100.0,,,,,,
WISE,gemma-3-4b,monthly,0.6399,0.7196,False,0.1,,,,,,,,100.0,,,,,,
WISE,gemma-3-4b,weekly,0.9714,0.7518,False,0.1,,,,,,,,100.0,,,,,,
WISE,llama31-8b,daily,0.88,0.6831,False,0.2,,,,,,,,50.0,,,,,,
WISE,llama31-8b,monthly,0.7014,0.7089,False,0.2,,,,,,,,20.0,,,,,,
WISE,llama31-8b,weekly,0.9,0.7254,False,0.2,,,,,,,,50.0,,,,,,
WISE,qwen3-4b,daily,0.9467,0.6975,False,0.2,,,,,,,,100.0,,,,,,
WISE,qwen3-4b,monthly,0.6612,0.6404,False,0.2,,,,,,,,50.0,,,,,,
WISE,qwen3-4b,weekly,0.9429,0.7464,False,0.2,,,,,,,,100.0,,,,,,
