strategy,method,model,tier,config_name,config_path,donor_csv_model,flagged,has_overrides,job_id,status,wandb_run_id
monthly,alphaedit,gemma3_4b,4b,hemonc/main/monthly/alphaedit_gemma3_4b,hydra/experiments/hemonc/main/monthly/alphaedit_gemma3_4b.yaml,gemma-3-4b,false,true,,pending,
monthly,alphaedit,medgemma_4b,4b,hemonc/main/monthly/alphaedit_medgemma_4b,hydra/experiments/hemonc/main/monthly/alphaedit_medgemma_4b.yaml,gemma-3-4b,false,true,,pending,
monthly,alphaedit,qwen3_4b,4b,hemonc/main/monthly/alphaedit_qwen3_4b,hydra/experiments/hemonc/main/monthly/alphaedit_qwen3_4b.yaml,qwen3-4b,false,true,,pending,
monthly,memit,gemma3_4b,4b,hemonc/main/monthly/memit_gemma3_4b,hydra/experiments/hemonc/main/monthly/memit_gemma3_4b.yaml,gemma-3-4b,false,true,,pending,
monthly,memit,medgemma_4b,4b,hemonc/main/monthly/memit_medgemma_4b,hydra/experiments/hemonc/main/monthly/memit_medgemma_4b.yaml,gemma-3-4b,false,true,,pending,
monthly,memit,qwen3_4b,4b,hemonc/main/monthly/memit_qwen3_4b,hydra/experiments/hemonc/main/monthly/memit_qwen3_4b.yaml,qwen3-4b,false,true,,pending,
monthly,lora_merge,gemma3_4b,4b,hemonc/main/monthly/lora_merge_gemma3_4b,hydra/experiments/hemonc/main/monthly/lora_merge_gemma3_4b.yaml,gemma-3-4b,false,true,,pending,
monthly,lora_merge,medgemma_4b,4b,hemonc/main/monthly/lora_merge_medgemma_4b,hydra/experiments/hemonc/main/monthly/lora_merge_medgemma_4b.yaml,gemma-3-4b,false,true,,pending,
monthly,lora_merge,qwen3_4b,4b,hemonc/main/monthly/lora_merge_qwen3_4b,hydra/experiments/hemonc/main/monthly/lora_merge_qwen3_4b.yaml,qwen3-4b,false,true,,pending,
monthly,o_lora,gemma3_4b,4b,hemonc/main/monthly/o_lora_gemma3_4b,hydra/experiments/hemonc/main/monthly/o_lora_gemma3_4b.yaml,gemma-3-4b,false,true,,pending,
monthly,o_lora,medgemma_4b,4b,hemonc/main/monthly/o_lora_medgemma_4b,hydra/experiments/hemonc/main/monthly/o_lora_medgemma_4b.yaml,gemma-3-4b,false,true,,pending,
monthly,o_lora,qwen3_4b,4b,hemonc/main/monthly/o_lora_qwen3_4b,hydra/experiments/hemonc/main/monthly/o_lora_qwen3_4b.yaml,qwen3-4b,false,true,,pending,
monthly,ike,gemma3_4b,4b,hemonc/main/monthly/ike_gemma3_4b,hydra/experiments/hemonc/main/monthly/ike_gemma3_4b.yaml,gemma-3-4b,false,true,,pending,
monthly,ike,medgemma_4b,4b,hemonc/main/monthly/ike_medgemma_4b,hydra/experiments/hemonc/main/monthly/ike_medgemma_4b.yaml,gemma-3-4b,false,true,,pending,
monthly,ike,qwen3_4b,4b,hemonc/main/monthly/ike_qwen3_4b,hydra/experiments/hemonc/main/monthly/ike_qwen3_4b.yaml,qwen3-4b,false,true,,pending,
monthly,seekr,gemma3_4b,4b,hemonc/main/monthly/seekr_gemma3_4b,hydra/experiments/hemonc/main/monthly/seekr_gemma3_4b.yaml,gemma-3-4b,false,true,,pending,
monthly,seekr,medgemma_4b,4b,hemonc/main/monthly/seekr_medgemma_4b,hydra/experiments/hemonc/main/monthly/seekr_medgemma_4b.yaml,gemma-3-4b,false,true,,pending,
monthly,seekr,qwen3_4b,4b,hemonc/main/monthly/seekr_qwen3_4b,hydra/experiments/hemonc/main/monthly/seekr_qwen3_4b.yaml,qwen3-4b,false,true,,pending,
monthly,grace,gemma3_4b,4b,hemonc/main/monthly/grace_gemma3_4b,hydra/experiments/hemonc/main/monthly/grace_gemma3_4b.yaml,gemma-3-4b,false,true,,pending,
monthly,grace,medgemma_4b,4b,hemonc/main/monthly/grace_medgemma_4b,hydra/experiments/hemonc/main/monthly/grace_medgemma_4b.yaml,gemma-3-4b,false,true,,pending,
monthly,grace,qwen3_4b,4b,hemonc/main/monthly/grace_qwen3_4b,hydra/experiments/hemonc/main/monthly/grace_qwen3_4b.yaml,qwen3-4b,false,true,,pending,
monthly,memoir,gemma3_4b,4b,hemonc/main/monthly/memoir_gemma3_4b,hydra/experiments/hemonc/main/monthly/memoir_gemma3_4b.yaml,gemma-3-4b,false,true,,pending,
monthly,memoir,medgemma_4b,4b,hemonc/main/monthly/memoir_medgemma_4b,hydra/experiments/hemonc/main/monthly/memoir_medgemma_4b.yaml,gemma-3-4b,false,true,,pending,
monthly,memoir,qwen3_4b,4b,hemonc/main/monthly/memoir_qwen3_4b,hydra/experiments/hemonc/main/monthly/memoir_qwen3_4b.yaml,qwen3-4b,false,true,,pending,
monthly,wise,gemma3_4b,4b,hemonc/main/monthly/wise_gemma3_4b,hydra/experiments/hemonc/main/monthly/wise_gemma3_4b.yaml,gemma-3-4b,false,true,,pending,
monthly,wise,medgemma_4b,4b,hemonc/main/monthly/wise_medgemma_4b,hydra/experiments/hemonc/main/monthly/wise_medgemma_4b.yaml,gemma-3-4b,false,true,,pending,
monthly,wise,qwen3_4b,4b,hemonc/main/monthly/wise_qwen3_4b,hydra/experiments/hemonc/main/monthly/wise_qwen3_4b.yaml,qwen3-4b,false,true,,pending,
monthly,bm25_abs,gemma3_4b,4b,hemonc/main/monthly/bm25_abs_gemma3_4b,hydra/experiments/hemonc/main/monthly/bm25_abs_gemma3_4b.yaml,gemma-3-4b,false,true,,pending,
monthly,bm25_abs,medgemma_4b,4b,hemonc/main/monthly/bm25_abs_medgemma_4b,hydra/experiments/hemonc/main/monthly/bm25_abs_medgemma_4b.yaml,gemma-3-4b,false,true,,pending,
monthly,bm25_abs,qwen3_4b,4b,hemonc/main/monthly/bm25_abs_qwen3_4b,hydra/experiments/hemonc/main/monthly/bm25_abs_qwen3_4b.yaml,qwen3-4b,false,true,,pending,
monthly,dense_abs,gemma3_4b,4b,hemonc/main/monthly/dense_abs_gemma3_4b,hydra/experiments/hemonc/main/monthly/dense_abs_gemma3_4b.yaml,gemma-3-4b,false,true,,pending,
monthly,dense_abs,medgemma_4b,4b,hemonc/main/monthly/dense_abs_medgemma_4b,hydra/experiments/hemonc/main/monthly/dense_abs_medgemma_4b.yaml,gemma-3-4b,false,true,,pending,
monthly,dense_abs,qwen3_4b,4b,hemonc/main/monthly/dense_abs_qwen3_4b,hydra/experiments/hemonc/main/monthly/dense_abs_qwen3_4b.yaml,qwen3-4b,false,true,,pending,
weekly,alphaedit,gemma3_4b,4b,hemonc/main/weekly/alphaedit_gemma3_4b,hydra/experiments/hemonc/main/weekly/alphaedit_gemma3_4b.yaml,gemma-3-4b,false,true,,pending,
weekly,alphaedit,medgemma_4b,4b,hemonc/main/weekly/alphaedit_medgemma_4b,hydra/experiments/hemonc/main/weekly/alphaedit_medgemma_4b.yaml,gemma-3-4b,false,true,,pending,
weekly,alphaedit,qwen3_4b,4b,hemonc/main/weekly/alphaedit_qwen3_4b,hydra/experiments/hemonc/main/weekly/alphaedit_qwen3_4b.yaml,qwen3-4b,false,true,,pending,
weekly,memit,gemma3_4b,4b,hemonc/main/weekly/memit_gemma3_4b,hydra/experiments/hemonc/main/weekly/memit_gemma3_4b.yaml,gemma-3-4b,false,true,,pending,
weekly,memit,medgemma_4b,4b,hemonc/main/weekly/memit_medgemma_4b,hydra/experiments/hemonc/main/weekly/memit_medgemma_4b.yaml,gemma-3-4b,false,true,,pending,
weekly,memit,qwen3_4b,4b,hemonc/main/weekly/memit_qwen3_4b,hydra/experiments/hemonc/main/weekly/memit_qwen3_4b.yaml,qwen3-4b,false,true,,pending,
weekly,lora_merge,gemma3_4b,4b,hemonc/main/weekly/lora_merge_gemma3_4b,hydra/experiments/hemonc/main/weekly/lora_merge_gemma3_4b.yaml,gemma-3-4b,false,true,,pending,
weekly,lora_merge,medgemma_4b,4b,hemonc/main/weekly/lora_merge_medgemma_4b,hydra/experiments/hemonc/main/weekly/lora_merge_medgemma_4b.yaml,gemma-3-4b,false,true,,pending,
weekly,lora_merge,qwen3_4b,4b,hemonc/main/weekly/lora_merge_qwen3_4b,hydra/experiments/hemonc/main/weekly/lora_merge_qwen3_4b.yaml,qwen3-4b,false,true,,pending,
weekly,o_lora,gemma3_4b,4b,hemonc/main/weekly/o_lora_gemma3_4b,hydra/experiments/hemonc/main/weekly/o_lora_gemma3_4b.yaml,gemma-3-4b,false,true,,pending,
weekly,o_lora,medgemma_4b,4b,hemonc/main/weekly/o_lora_medgemma_4b,hydra/experiments/hemonc/main/weekly/o_lora_medgemma_4b.yaml,gemma-3-4b,false,true,,pending,
weekly,o_lora,qwen3_4b,4b,hemonc/main/weekly/o_lora_qwen3_4b,hydra/experiments/hemonc/main/weekly/o_lora_qwen3_4b.yaml,qwen3-4b,false,true,,pending,
weekly,ike,gemma3_4b,4b,hemonc/main/weekly/ike_gemma3_4b,hydra/experiments/hemonc/main/weekly/ike_gemma3_4b.yaml,gemma-3-4b,false,true,,pending,
weekly,ike,medgemma_4b,4b,hemonc/main/weekly/ike_medgemma_4b,hydra/experiments/hemonc/main/weekly/ike_medgemma_4b.yaml,gemma-3-4b,false,true,,pending,
weekly,ike,qwen3_4b,4b,hemonc/main/weekly/ike_qwen3_4b,hydra/experiments/hemonc/main/weekly/ike_qwen3_4b.yaml,qwen3-4b,false,true,,pending,
weekly,seekr,gemma3_4b,4b,hemonc/main/weekly/seekr_gemma3_4b,hydra/experiments/hemonc/main/weekly/seekr_gemma3_4b.yaml,gemma-3-4b,false,true,,pending,
weekly,seekr,medgemma_4b,4b,hemonc/main/weekly/seekr_medgemma_4b,hydra/experiments/hemonc/main/weekly/seekr_medgemma_4b.yaml,gemma-3-4b,false,true,,pending,
weekly,seekr,qwen3_4b,4b,hemonc/main/weekly/seekr_qwen3_4b,hydra/experiments/hemonc/main/weekly/seekr_qwen3_4b.yaml,qwen3-4b,false,true,,pending,
weekly,grace,gemma3_4b,4b,hemonc/main/weekly/grace_gemma3_4b,hydra/experiments/hemonc/main/weekly/grace_gemma3_4b.yaml,gemma-3-4b,false,true,,pending,
weekly,grace,medgemma_4b,4b,hemonc/main/weekly/grace_medgemma_4b,hydra/experiments/hemonc/main/weekly/grace_medgemma_4b.yaml,gemma-3-4b,false,true,,pending,
weekly,grace,qwen3_4b,4b,hemonc/main/weekly/grace_qwen3_4b,hydra/experiments/hemonc/main/weekly/grace_qwen3_4b.yaml,qwen3-4b,false,true,,pending,
weekly,memoir,gemma3_4b,4b,hemonc/main/weekly/memoir_gemma3_4b,hydra/experiments/hemonc/main/weekly/memoir_gemma3_4b.yaml,gemma-3-4b,false,true,,pending,
weekly,memoir,medgemma_4b,4b,hemonc/main/weekly/memoir_medgemma_4b,hydra/experiments/hemonc/main/weekly/memoir_medgemma_4b.yaml,gemma-3-4b,false,true,,pending,
weekly,memoir,qwen3_4b,4b,hemonc/main/weekly/memoir_qwen3_4b,hydra/experiments/hemonc/main/weekly/memoir_qwen3_4b.yaml,qwen3-4b,false,true,,pending,
weekly,wise,gemma3_4b,4b,hemonc/main/weekly/wise_gemma3_4b,hydra/experiments/hemonc/main/weekly/wise_gemma3_4b.yaml,gemma-3-4b,false,true,,pending,
weekly,wise,medgemma_4b,4b,hemonc/main/weekly/wise_medgemma_4b,hydra/experiments/hemonc/main/weekly/wise_medgemma_4b.yaml,gemma-3-4b,false,true,,pending,
weekly,wise,qwen3_4b,4b,hemonc/main/weekly/wise_qwen3_4b,hydra/experiments/hemonc/main/weekly/wise_qwen3_4b.yaml,qwen3-4b,false,true,,pending,
weekly,bm25_abs,gemma3_4b,4b,hemonc/main/weekly/bm25_abs_gemma3_4b,hydra/experiments/hemonc/main/weekly/bm25_abs_gemma3_4b.yaml,gemma-3-4b,false,true,,pending,
weekly,bm25_abs,medgemma_4b,4b,hemonc/main/weekly/bm25_abs_medgemma_4b,hydra/experiments/hemonc/main/weekly/bm25_abs_medgemma_4b.yaml,gemma-3-4b,false,true,,pending,
weekly,bm25_abs,qwen3_4b,4b,hemonc/main/weekly/bm25_abs_qwen3_4b,hydra/experiments/hemonc/main/weekly/bm25_abs_qwen3_4b.yaml,qwen3-4b,false,true,,pending,
weekly,dense_abs,gemma3_4b,4b,hemonc/main/weekly/dense_abs_gemma3_4b,hydra/experiments/hemonc/main/weekly/dense_abs_gemma3_4b.yaml,gemma-3-4b,false,true,,pending,
weekly,dense_abs,medgemma_4b,4b,hemonc/main/weekly/dense_abs_medgemma_4b,hydra/experiments/hemonc/main/weekly/dense_abs_medgemma_4b.yaml,gemma-3-4b,false,true,,pending,
weekly,dense_abs,qwen3_4b,4b,hemonc/main/weekly/dense_abs_qwen3_4b,hydra/experiments/hemonc/main/weekly/dense_abs_qwen3_4b.yaml,qwen3-4b,false,true,,pending,
daily,alphaedit,gemma3_4b,4b,hemonc/main/daily/alphaedit_gemma3_4b,hydra/experiments/hemonc/main/daily/alphaedit_gemma3_4b.yaml,gemma-3-4b,false,true,,pending,
daily,alphaedit,medgemma_4b,4b,hemonc/main/daily/alphaedit_medgemma_4b,hydra/experiments/hemonc/main/daily/alphaedit_medgemma_4b.yaml,gemma-3-4b,false,true,,pending,
daily,alphaedit,qwen3_4b,4b,hemonc/main/daily/alphaedit_qwen3_4b,hydra/experiments/hemonc/main/daily/alphaedit_qwen3_4b.yaml,qwen3-4b,false,true,,pending,
daily,memit,gemma3_4b,4b,hemonc/main/daily/memit_gemma3_4b,hydra/experiments/hemonc/main/daily/memit_gemma3_4b.yaml,gemma-3-4b,false,true,,pending,
daily,memit,medgemma_4b,4b,hemonc/main/daily/memit_medgemma_4b,hydra/experiments/hemonc/main/daily/memit_medgemma_4b.yaml,gemma-3-4b,false,true,,pending,
daily,memit,qwen3_4b,4b,hemonc/main/daily/memit_qwen3_4b,hydra/experiments/hemonc/main/daily/memit_qwen3_4b.yaml,qwen3-4b,false,true,,pending,
daily,lora_merge,gemma3_4b,4b,hemonc/main/daily/lora_merge_gemma3_4b,hydra/experiments/hemonc/main/daily/lora_merge_gemma3_4b.yaml,gemma-3-4b,false,true,,pending,
daily,lora_merge,medgemma_4b,4b,hemonc/main/daily/lora_merge_medgemma_4b,hydra/experiments/hemonc/main/daily/lora_merge_medgemma_4b.yaml,gemma-3-4b,false,true,,pending,
daily,lora_merge,qwen3_4b,4b,hemonc/main/daily/lora_merge_qwen3_4b,hydra/experiments/hemonc/main/daily/lora_merge_qwen3_4b.yaml,qwen3-4b,false,true,,pending,
daily,o_lora,gemma3_4b,4b,hemonc/main/daily/o_lora_gemma3_4b,hydra/experiments/hemonc/main/daily/o_lora_gemma3_4b.yaml,gemma-3-4b,false,true,,pending,
daily,o_lora,medgemma_4b,4b,hemonc/main/daily/o_lora_medgemma_4b,hydra/experiments/hemonc/main/daily/o_lora_medgemma_4b.yaml,gemma-3-4b,false,true,,pending,
daily,o_lora,qwen3_4b,4b,hemonc/main/daily/o_lora_qwen3_4b,hydra/experiments/hemonc/main/daily/o_lora_qwen3_4b.yaml,qwen3-4b,false,true,,pending,
daily,ike,gemma3_4b,4b,hemonc/main/daily/ike_gemma3_4b,hydra/experiments/hemonc/main/daily/ike_gemma3_4b.yaml,gemma-3-4b,false,true,,pending,
daily,ike,medgemma_4b,4b,hemonc/main/daily/ike_medgemma_4b,hydra/experiments/hemonc/main/daily/ike_medgemma_4b.yaml,gemma-3-4b,false,true,,pending,
daily,ike,qwen3_4b,4b,hemonc/main/daily/ike_qwen3_4b,hydra/experiments/hemonc/main/daily/ike_qwen3_4b.yaml,qwen3-4b,false,true,,pending,
daily,seekr,gemma3_4b,4b,hemonc/main/daily/seekr_gemma3_4b,hydra/experiments/hemonc/main/daily/seekr_gemma3_4b.yaml,gemma-3-4b,false,true,,pending,
daily,seekr,medgemma_4b,4b,hemonc/main/daily/seekr_medgemma_4b,hydra/experiments/hemonc/main/daily/seekr_medgemma_4b.yaml,gemma-3-4b,false,true,,pending,
daily,seekr,qwen3_4b,4b,hemonc/main/daily/seekr_qwen3_4b,hydra/experiments/hemonc/main/daily/seekr_qwen3_4b.yaml,qwen3-4b,false,true,,pending,
daily,grace,gemma3_4b,4b,hemonc/main/daily/grace_gemma3_4b,hydra/experiments/hemonc/main/daily/grace_gemma3_4b.yaml,gemma-3-4b,false,true,,pending,
daily,grace,medgemma_4b,4b,hemonc/main/daily/grace_medgemma_4b,hydra/experiments/hemonc/main/daily/grace_medgemma_4b.yaml,gemma-3-4b,false,true,,pending,
daily,grace,qwen3_4b,4b,hemonc/main/daily/grace_qwen3_4b,hydra/experiments/hemonc/main/daily/grace_qwen3_4b.yaml,qwen3-4b,false,true,,pending,
daily,memoir,gemma3_4b,4b,hemonc/main/daily/memoir_gemma3_4b,hydra/experiments/hemonc/main/daily/memoir_gemma3_4b.yaml,gemma-3-4b,false,true,,pending,
daily,memoir,medgemma_4b,4b,hemonc/main/daily/memoir_medgemma_4b,hydra/experiments/hemonc/main/daily/memoir_medgemma_4b.yaml,gemma-3-4b,false,true,,pending,
daily,memoir,qwen3_4b,4b,hemonc/main/daily/memoir_qwen3_4b,hydra/experiments/hemonc/main/daily/memoir_qwen3_4b.yaml,qwen3-4b,false,true,,pending,
daily,wise,gemma3_4b,4b,hemonc/main/daily/wise_gemma3_4b,hydra/experiments/hemonc/main/daily/wise_gemma3_4b.yaml,gemma-3-4b,false,true,,pending,
daily,wise,medgemma_4b,4b,hemonc/main/daily/wise_medgemma_4b,hydra/experiments/hemonc/main/daily/wise_medgemma_4b.yaml,gemma-3-4b,false,true,,pending,
daily,wise,qwen3_4b,4b,hemonc/main/daily/wise_qwen3_4b,hydra/experiments/hemonc/main/daily/wise_qwen3_4b.yaml,qwen3-4b,false,true,,pending,
daily,bm25_abs,gemma3_4b,4b,hemonc/main/daily/bm25_abs_gemma3_4b,hydra/experiments/hemonc/main/daily/bm25_abs_gemma3_4b.yaml,gemma-3-4b,false,true,,pending,
daily,bm25_abs,medgemma_4b,4b,hemonc/main/daily/bm25_abs_medgemma_4b,hydra/experiments/hemonc/main/daily/bm25_abs_medgemma_4b.yaml,gemma-3-4b,false,true,,pending,
daily,bm25_abs,qwen3_4b,4b,hemonc/main/daily/bm25_abs_qwen3_4b,hydra/experiments/hemonc/main/daily/bm25_abs_qwen3_4b.yaml,qwen3-4b,false,true,,pending,
daily,dense_abs,gemma3_4b,4b,hemonc/main/daily/dense_abs_gemma3_4b,hydra/experiments/hemonc/main/daily/dense_abs_gemma3_4b.yaml,gemma-3-4b,false,true,,pending,
daily,dense_abs,medgemma_4b,4b,hemonc/main/daily/dense_abs_medgemma_4b,hydra/experiments/hemonc/main/daily/dense_abs_medgemma_4b.yaml,gemma-3-4b,false,true,,pending,
daily,dense_abs,qwen3_4b,4b,hemonc/main/daily/dense_abs_qwen3_4b,hydra/experiments/hemonc/main/daily/dense_abs_qwen3_4b.yaml,qwen3-4b,false,true,,pending,
monthly,alphaedit,bio_medical_llama3_8b,8b,hemonc/main/monthly/alphaedit_bio_medical_llama3_8b,hydra/experiments/hemonc/main/monthly/alphaedit_bio_medical_llama3_8b.yaml,llama31-8b,true,true,,pending,
monthly,alphaedit,llama31_8b,8b,hemonc/main/monthly/alphaedit_llama31_8b,hydra/experiments/hemonc/main/monthly/alphaedit_llama31_8b.yaml,llama31-8b,true,true,,pending,
monthly,memit,bio_medical_llama3_8b,8b,hemonc/main/monthly/memit_bio_medical_llama3_8b,hydra/experiments/hemonc/main/monthly/memit_bio_medical_llama3_8b.yaml,llama31-8b,false,true,,pending,
monthly,memit,llama31_8b,8b,hemonc/main/monthly/memit_llama31_8b,hydra/experiments/hemonc/main/monthly/memit_llama31_8b.yaml,llama31-8b,false,true,,pending,
monthly,lora_merge,bio_medical_llama3_8b,8b,hemonc/main/monthly/lora_merge_bio_medical_llama3_8b,hydra/experiments/hemonc/main/monthly/lora_merge_bio_medical_llama3_8b.yaml,llama31-8b,false,true,,pending,
monthly,lora_merge,llama31_8b,8b,hemonc/main/monthly/lora_merge_llama31_8b,hydra/experiments/hemonc/main/monthly/lora_merge_llama31_8b.yaml,llama31-8b,false,true,,pending,
monthly,o_lora,bio_medical_llama3_8b,8b,hemonc/main/monthly/o_lora_bio_medical_llama3_8b,hydra/experiments/hemonc/main/monthly/o_lora_bio_medical_llama3_8b.yaml,llama31-8b,false,true,,pending,
monthly,o_lora,llama31_8b,8b,hemonc/main/monthly/o_lora_llama31_8b,hydra/experiments/hemonc/main/monthly/o_lora_llama31_8b.yaml,llama31-8b,false,true,,pending,
monthly,ike,bio_medical_llama3_8b,8b,hemonc/main/monthly/ike_bio_medical_llama3_8b,hydra/experiments/hemonc/main/monthly/ike_bio_medical_llama3_8b.yaml,llama31-8b,false,true,,pending,
monthly,ike,llama31_8b,8b,hemonc/main/monthly/ike_llama31_8b,hydra/experiments/hemonc/main/monthly/ike_llama31_8b.yaml,llama31-8b,false,true,,pending,
monthly,seekr,bio_medical_llama3_8b,8b,hemonc/main/monthly/seekr_bio_medical_llama3_8b,hydra/experiments/hemonc/main/monthly/seekr_bio_medical_llama3_8b.yaml,llama31-8b,false,true,,pending,
monthly,seekr,llama31_8b,8b,hemonc/main/monthly/seekr_llama31_8b,hydra/experiments/hemonc/main/monthly/seekr_llama31_8b.yaml,llama31-8b,false,true,,pending,
monthly,grace,bio_medical_llama3_8b,8b,hemonc/main/monthly/grace_bio_medical_llama3_8b,hydra/experiments/hemonc/main/monthly/grace_bio_medical_llama3_8b.yaml,llama31-8b,false,true,,pending,
monthly,grace,llama31_8b,8b,hemonc/main/monthly/grace_llama31_8b,hydra/experiments/hemonc/main/monthly/grace_llama31_8b.yaml,llama31-8b,false,true,,pending,
monthly,memoir,bio_medical_llama3_8b,8b,hemonc/main/monthly/memoir_bio_medical_llama3_8b,hydra/experiments/hemonc/main/monthly/memoir_bio_medical_llama3_8b.yaml,llama31-8b,false,true,,pending,
monthly,memoir,llama31_8b,8b,hemonc/main/monthly/memoir_llama31_8b,hydra/experiments/hemonc/main/monthly/memoir_llama31_8b.yaml,llama31-8b,false,true,,pending,
monthly,wise,bio_medical_llama3_8b,8b,hemonc/main/monthly/wise_bio_medical_llama3_8b,hydra/experiments/hemonc/main/monthly/wise_bio_medical_llama3_8b.yaml,llama31-8b,false,true,,pending,
monthly,wise,llama31_8b,8b,hemonc/main/monthly/wise_llama31_8b,hydra/experiments/hemonc/main/monthly/wise_llama31_8b.yaml,llama31-8b,false,true,,pending,
monthly,bm25_abs,bio_medical_llama3_8b,8b,hemonc/main/monthly/bm25_abs_bio_medical_llama3_8b,hydra/experiments/hemonc/main/monthly/bm25_abs_bio_medical_llama3_8b.yaml,llama31-8b,false,true,,pending,
monthly,bm25_abs,llama31_8b,8b,hemonc/main/monthly/bm25_abs_llama31_8b,hydra/experiments/hemonc/main/monthly/bm25_abs_llama31_8b.yaml,llama31-8b,false,true,,pending,
monthly,dense_abs,bio_medical_llama3_8b,8b,hemonc/main/monthly/dense_abs_bio_medical_llama3_8b,hydra/experiments/hemonc/main/monthly/dense_abs_bio_medical_llama3_8b.yaml,llama31-8b,false,true,,pending,
monthly,dense_abs,llama31_8b,8b,hemonc/main/monthly/dense_abs_llama31_8b,hydra/experiments/hemonc/main/monthly/dense_abs_llama31_8b.yaml,llama31-8b,false,true,,pending,
weekly,alphaedit,bio_medical_llama3_8b,8b,hemonc/main/weekly/alphaedit_bio_medical_llama3_8b,hydra/experiments/hemonc/main/weekly/alphaedit_bio_medical_llama3_8b.yaml,llama31-8b,true,true,,pending,
weekly,alphaedit,llama31_8b,8b,hemonc/main/weekly/alphaedit_llama31_8b,hydra/experiments/hemonc/main/weekly/alphaedit_llama31_8b.yaml,llama31-8b,true,true,,pending,
weekly,memit,bio_medical_llama3_8b,8b,hemonc/main/weekly/memit_bio_medical_llama3_8b,hydra/experiments/hemonc/main/weekly/memit_bio_medical_llama3_8b.yaml,llama31-8b,false,true,,pending,
weekly,memit,llama31_8b,8b,hemonc/main/weekly/memit_llama31_8b,hydra/experiments/hemonc/main/weekly/memit_llama31_8b.yaml,llama31-8b,false,true,,pending,
weekly,lora_merge,bio_medical_llama3_8b,8b,hemonc/main/weekly/lora_merge_bio_medical_llama3_8b,hydra/experiments/hemonc/main/weekly/lora_merge_bio_medical_llama3_8b.yaml,llama31-8b,false,true,,pending,
weekly,lora_merge,llama31_8b,8b,hemonc/main/weekly/lora_merge_llama31_8b,hydra/experiments/hemonc/main/weekly/lora_merge_llama31_8b.yaml,llama31-8b,false,true,,pending,
weekly,o_lora,bio_medical_llama3_8b,8b,hemonc/main/weekly/o_lora_bio_medical_llama3_8b,hydra/experiments/hemonc/main/weekly/o_lora_bio_medical_llama3_8b.yaml,llama31-8b,false,true,,pending,
weekly,o_lora,llama31_8b,8b,hemonc/main/weekly/o_lora_llama31_8b,hydra/experiments/hemonc/main/weekly/o_lora_llama31_8b.yaml,llama31-8b,false,true,,pending,
weekly,ike,bio_medical_llama3_8b,8b,hemonc/main/weekly/ike_bio_medical_llama3_8b,hydra/experiments/hemonc/main/weekly/ike_bio_medical_llama3_8b.yaml,llama31-8b,false,true,,pending,
weekly,ike,llama31_8b,8b,hemonc/main/weekly/ike_llama31_8b,hydra/experiments/hemonc/main/weekly/ike_llama31_8b.yaml,llama31-8b,false,true,,pending,
weekly,seekr,bio_medical_llama3_8b,8b,hemonc/main/weekly/seekr_bio_medical_llama3_8b,hydra/experiments/hemonc/main/weekly/seekr_bio_medical_llama3_8b.yaml,llama31-8b,false,true,,pending,
weekly,seekr,llama31_8b,8b,hemonc/main/weekly/seekr_llama31_8b,hydra/experiments/hemonc/main/weekly/seekr_llama31_8b.yaml,llama31-8b,false,true,,pending,
weekly,grace,bio_medical_llama3_8b,8b,hemonc/main/weekly/grace_bio_medical_llama3_8b,hydra/experiments/hemonc/main/weekly/grace_bio_medical_llama3_8b.yaml,llama31-8b,false,true,,pending,
weekly,grace,llama31_8b,8b,hemonc/main/weekly/grace_llama31_8b,hydra/experiments/hemonc/main/weekly/grace_llama31_8b.yaml,llama31-8b,false,true,,pending,
weekly,memoir,bio_medical_llama3_8b,8b,hemonc/main/weekly/memoir_bio_medical_llama3_8b,hydra/experiments/hemonc/main/weekly/memoir_bio_medical_llama3_8b.yaml,llama31-8b,false,true,,pending,
weekly,memoir,llama31_8b,8b,hemonc/main/weekly/memoir_llama31_8b,hydra/experiments/hemonc/main/weekly/memoir_llama31_8b.yaml,llama31-8b,false,true,,pending,
weekly,wise,bio_medical_llama3_8b,8b,hemonc/main/weekly/wise_bio_medical_llama3_8b,hydra/experiments/hemonc/main/weekly/wise_bio_medical_llama3_8b.yaml,llama31-8b,false,true,,pending,
weekly,wise,llama31_8b,8b,hemonc/main/weekly/wise_llama31_8b,hydra/experiments/hemonc/main/weekly/wise_llama31_8b.yaml,llama31-8b,false,true,,pending,
weekly,bm25_abs,bio_medical_llama3_8b,8b,hemonc/main/weekly/bm25_abs_bio_medical_llama3_8b,hydra/experiments/hemonc/main/weekly/bm25_abs_bio_medical_llama3_8b.yaml,llama31-8b,false,true,,pending,
weekly,bm25_abs,llama31_8b,8b,hemonc/main/weekly/bm25_abs_llama31_8b,hydra/experiments/hemonc/main/weekly/bm25_abs_llama31_8b.yaml,llama31-8b,false,true,,pending,
weekly,dense_abs,bio_medical_llama3_8b,8b,hemonc/main/weekly/dense_abs_bio_medical_llama3_8b,hydra/experiments/hemonc/main/weekly/dense_abs_bio_medical_llama3_8b.yaml,llama31-8b,false,true,,pending,
weekly,dense_abs,llama31_8b,8b,hemonc/main/weekly/dense_abs_llama31_8b,hydra/experiments/hemonc/main/weekly/dense_abs_llama31_8b.yaml,llama31-8b,false,true,,pending,
daily,alphaedit,bio_medical_llama3_8b,8b,hemonc/main/daily/alphaedit_bio_medical_llama3_8b,hydra/experiments/hemonc/main/daily/alphaedit_bio_medical_llama3_8b.yaml,llama31-8b,true,true,,pending,
daily,alphaedit,llama31_8b,8b,hemonc/main/daily/alphaedit_llama31_8b,hydra/experiments/hemonc/main/daily/alphaedit_llama31_8b.yaml,llama31-8b,true,true,,pending,
daily,memit,bio_medical_llama3_8b,8b,hemonc/main/daily/memit_bio_medical_llama3_8b,hydra/experiments/hemonc/main/daily/memit_bio_medical_llama3_8b.yaml,llama31-8b,false,true,,pending,
daily,memit,llama31_8b,8b,hemonc/main/daily/memit_llama31_8b,hydra/experiments/hemonc/main/daily/memit_llama31_8b.yaml,llama31-8b,false,true,,pending,
daily,lora_merge,bio_medical_llama3_8b,8b,hemonc/main/daily/lora_merge_bio_medical_llama3_8b,hydra/experiments/hemonc/main/daily/lora_merge_bio_medical_llama3_8b.yaml,llama31-8b,false,true,,pending,
daily,lora_merge,llama31_8b,8b,hemonc/main/daily/lora_merge_llama31_8b,hydra/experiments/hemonc/main/daily/lora_merge_llama31_8b.yaml,llama31-8b,false,true,,pending,
daily,o_lora,bio_medical_llama3_8b,8b,hemonc/main/daily/o_lora_bio_medical_llama3_8b,hydra/experiments/hemonc/main/daily/o_lora_bio_medical_llama3_8b.yaml,llama31-8b,false,true,,pending,
daily,o_lora,llama31_8b,8b,hemonc/main/daily/o_lora_llama31_8b,hydra/experiments/hemonc/main/daily/o_lora_llama31_8b.yaml,llama31-8b,false,true,,pending,
daily,ike,bio_medical_llama3_8b,8b,hemonc/main/daily/ike_bio_medical_llama3_8b,hydra/experiments/hemonc/main/daily/ike_bio_medical_llama3_8b.yaml,llama31-8b,false,true,,pending,
daily,ike,llama31_8b,8b,hemonc/main/daily/ike_llama31_8b,hydra/experiments/hemonc/main/daily/ike_llama31_8b.yaml,llama31-8b,false,true,,pending,
daily,seekr,bio_medical_llama3_8b,8b,hemonc/main/daily/seekr_bio_medical_llama3_8b,hydra/experiments/hemonc/main/daily/seekr_bio_medical_llama3_8b.yaml,llama31-8b,false,true,,pending,
daily,seekr,llama31_8b,8b,hemonc/main/daily/seekr_llama31_8b,hydra/experiments/hemonc/main/daily/seekr_llama31_8b.yaml,llama31-8b,false,true,,pending,
daily,grace,bio_medical_llama3_8b,8b,hemonc/main/daily/grace_bio_medical_llama3_8b,hydra/experiments/hemonc/main/daily/grace_bio_medical_llama3_8b.yaml,llama31-8b,false,true,,pending,
daily,grace,llama31_8b,8b,hemonc/main/daily/grace_llama31_8b,hydra/experiments/hemonc/main/daily/grace_llama31_8b.yaml,llama31-8b,false,true,,pending,
daily,memoir,bio_medical_llama3_8b,8b,hemonc/main/daily/memoir_bio_medical_llama3_8b,hydra/experiments/hemonc/main/daily/memoir_bio_medical_llama3_8b.yaml,llama31-8b,false,true,,pending,
daily,memoir,llama31_8b,8b,hemonc/main/daily/memoir_llama31_8b,hydra/experiments/hemonc/main/daily/memoir_llama31_8b.yaml,llama31-8b,false,true,,pending,
daily,wise,bio_medical_llama3_8b,8b,hemonc/main/daily/wise_bio_medical_llama3_8b,hydra/experiments/hemonc/main/daily/wise_bio_medical_llama3_8b.yaml,llama31-8b,false,true,,pending,
daily,wise,llama31_8b,8b,hemonc/main/daily/wise_llama31_8b,hydra/experiments/hemonc/main/daily/wise_llama31_8b.yaml,llama31-8b,false,true,,pending,
daily,bm25_abs,bio_medical_llama3_8b,8b,hemonc/main/daily/bm25_abs_bio_medical_llama3_8b,hydra/experiments/hemonc/main/daily/bm25_abs_bio_medical_llama3_8b.yaml,llama31-8b,false,true,,pending,
daily,bm25_abs,llama31_8b,8b,hemonc/main/daily/bm25_abs_llama31_8b,hydra/experiments/hemonc/main/daily/bm25_abs_llama31_8b.yaml,llama31-8b,false,true,,pending,
daily,dense_abs,bio_medical_llama3_8b,8b,hemonc/main/daily/dense_abs_bio_medical_llama3_8b,hydra/experiments/hemonc/main/daily/dense_abs_bio_medical_llama3_8b.yaml,llama31-8b,false,true,,pending,
daily,dense_abs,llama31_8b,8b,hemonc/main/daily/dense_abs_llama31_8b,hydra/experiments/hemonc/main/daily/dense_abs_llama31_8b.yaml,llama31-8b,false,true,,pending,
